{"lr": 0.0009909819639278557, "data_time": 0.03528525352478027, "loss": 3.6659637022018434, "loss_cls": 1.1227428150177001, "loss_bbox": 1.8719019675254822, "loss_centerness": 0.6713189160823823, "time": 3.996402244567871, "epoch": 1, "iter": 50, "step": 50}
{"lr": 0.0019919839679358718, "data_time": 0.01786290168762207, "loss": 4.194129767417908, "loss_cls": 1.61942049741745, "loss_bbox": 1.911695156097412, "loss_centerness": 0.663014086484909, "time": 4.284169573783874, "epoch": 1, "iter": 100, "step": 100}
{"lr": 0.002992985971943887, "data_time": 0.02170903205871582, "loss": 4.999969997406006, "loss_cls": 2.446396231651306, "loss_bbox": 1.8899356269836425, "loss_centerness": 0.6636381483078003, "time": 4.42528480052948, "epoch": 1, "iter": 150, "step": 150}
{"lr": 0.003993987975951902, "data_time": 0.01778153896331787, "loss": 5.821710062026978, "loss_cls": 3.3129814219474794, "loss_bbox": 1.841227526664734, "loss_centerness": 0.6675011420249939, "time": 4.437904267311096, "epoch": 1, "iter": 200, "step": 200}
{"lr": 0.004994989979959916, "data_time": 0.015875301361083984, "loss": 15.072845478057861, "loss_cls": 12.648676090240478, "loss_bbox": 1.7555821061134338, "loss_centerness": 0.6685874474048614, "time": 4.040458536148071, "epoch": 1, "iter": 250, "step": 250}
{"lr": 0.0059959919839679245, "data_time": 0.017615699768066408, "loss": 3874.5890419006346, "loss_cls": 3872.2060010528567, "loss_bbox": 1.7124865078926086, "loss_centerness": 0.6705311059951782, "time": 4.521293168067932, "epoch": 1, "iter": 300, "step": 300}
{"lr": 0.00699699398797594, "data_time": 0.014948930740356445, "loss": 135447.031015625, "loss_cls": 135444.6791015625, "loss_bbox": 1.684317021369934, "loss_centerness": 0.6672470152378083, "time": 4.00775074005127, "epoch": 1, "iter": 350, "step": 350}
{"lr": 0.007997995991983954, "data_time": 0.014159784317016602, "loss": 1504311.689375, "loss_cls": 1504309.209375, "loss_bbox": 1.749749369621277, "loss_centerness": 0.6793141376972198, "time": 3.7935999965667726, "epoch": 1, "iter": 400, "step": 400}
{"lr": 0.00899899799599197, "data_time": 0.012211647033691406, "loss": 36283240.1175, "loss_cls": 36283238.43, "loss_bbox": 1.8569774007797242, "loss_centerness": 0.6678777956962585, "time": 3.6131425142288207, "epoch": 1, "iter": 450, "step": 450}
{"lr": 0.009999999999999976, "data_time": 0.012129974365234376, "loss": 3.368971914572976e+17, "loss_cls": 3.368971914572976e+17, "loss_bbox": 1.7515878772735596, "loss_centerness": 0.6757474088668823, "time": 3.732605528831482, "epoch": 1, "iter": 500, "step": 500}
{"lr": 0.009999999999999976, "data_time": 0.01150400161743164, "loss": 8.703774493758822e+17, "loss_cls": 8.703774493758822e+17, "loss_bbox": 1.751734516620636, "loss_centerness": 0.6697765839099884, "time": 3.6886888360977172, "epoch": 1, "iter": 550, "step": 550}
{"lr": 0.009999999999999976, "data_time": 0.011506342887878418, "loss": 2.21263987126137e+17, "loss_cls": 2.21263987126137e+17, "loss_bbox": 1.7381422758102416, "loss_centerness": 0.6772498857975006, "time": 3.428833303451538, "epoch": 1, "iter": 600, "step": 600}
